-- phpMyAdmin SQL Dump
-- version 5.2.1
-- https://www.phpmyadmin.net/
--
-- Servidor: 127.0.0.1
-- Tiempo de generación: 24-01-2024 a las 00:41:12
-- Versión del servidor: 10.4.32-MariaDB
-- Versión de PHP: 8.0.30

SET SQL_MODE = "NO_AUTO_VALUE_ON_ZERO";
START TRANSACTION;
SET time_zone = "+00:00";


/*!40101 SET @OLD_CHARACTER_SET_CLIENT=@@CHARACTER_SET_CLIENT */;
/*!40101 SET @OLD_CHARACTER_SET_RESULTS=@@CHARACTER_SET_RESULTS */;
/*!40101 SET @OLD_COLLATION_CONNECTION=@@COLLATION_CONNECTION */;
/*!40101 SET NAMES utf8mb4 */;

--
-- Base de datos: `db_despacho_contable`
--

-- --------------------------------------------------------

--
-- Estructura de tabla para la tabla `certificado`
--

CREATE TABLE `certificado` (
  `id` int(11) NOT NULL,
  `fecha_fin` varchar(30) DEFAULT NULL,
  `estatus` tinyint(1) DEFAULT NULL,
  `tipo` varchar(15) DEFAULT NULL,
  `id_cliente` varchar(80) DEFAULT NULL
) ENGINE=InnoDB DEFAULT CHARSET=utf8mb4 COLLATE=utf8mb4_spanish_ci;

--
-- Volcado de datos para la tabla `certificado`
--

INSERT INTO `certificado` (`id`, `fecha_fin`, `estatus`, `tipo`, `id_cliente`) VALUES
(1, '21-04-2024', 1, 'Firma', 'GAPG910722CGA'),
(2, '24-04-2024', 1, 'Sello', 'GAPG910722CGA'),
(3, '23-04-2024', 1, 'Firma', 'CORL960305MC1'),
(4, '24-04-2024', 1, 'Sello', 'CORL960305MC1'),
(5, '18-05-2024', 1, 'Firma', 'COLC621201MG3'),
(6, '16-11-2025', 1, 'Sello', 'COLC621201MG3'),
(7, '13-07-2024', 1, 'Firma', 'MERM671219NY7'),
(8, '03-09-2024', 1, 'Sello', 'MERM671219NY7'),
(9, '28-07-2024', 1, 'Firma', 'LOFC950118D57'),
(10, '14-09-2026', 1, 'Sello', 'LOFC950118D57'),
(11, '18-09-2024', 1, 'Firma', 'RORA980202NR2'),
(12, '23-12-2025', 1, 'Sello', 'RORA980202NR2'),
(13, '20-11-2024', 1, 'Firma', 'HEGM870709D39'),
(14, '13-04-2024', 1, 'Sello', 'HEGM870709D39'),
(15, '04-12-2024', 1, 'Firma', 'HEPF560627D62'),
(16, '12-06-2027', 1, 'Sello', 'HEPF560627D62'),
(17, '15-12-2024', 1, 'Firma', 'AACP7009254V4'),
(18, '17-03-2025', 1, 'Sello', 'AACP7009254V4'),
(19, '22-03-2025', 1, 'Firma', 'AALF6708197T2'),
(20, '18-04-2026', 1, 'Sello', 'AALF6708197T2'),
(21, '12-04-2025', 1, 'Firma', 'AACS681023H34'),
(22, '17-03-2025', 1, 'Sello', 'AACS681023H34'),
(23, '23-04-2025', 1, 'Firma', 'SACF830105CW9'),
(24, '21-07-2025', 1, 'Sello', 'SACF830105CW9'),
(25, '30-04-2025', 1, 'Firma', 'OINA761211I29'),
(26, '30-08-2025', 1, 'Sello', 'OINA761211I29'),
(27, '21-07-2025', 1, 'Firma', 'JACA861105KU6'),
(28, '24-11-2025', 1, 'Sello', 'JACA861105KU6'),
(29, '07-10-2025', 1, 'Firma', 'TOLA730206JN7'),
(30, '18-01-2026', 1, 'Sello', 'TOLA730206JN7'),
(31, '08-10-2025', 1, 'Firma', 'RETG5706199C3'),
(32, '29-11-2025', 1, 'Sello', 'RETG5706199C3'),
(33, '08-10-2025', 1, 'Firma', 'RAAH650728535'),
(34, '06-12-2025', 1, 'Sello', 'RAAH650728535'),
(35, '08-10-2025', 1, 'Firma', 'MOAY740103IS5'),
(36, '06-12-2025', 1, 'Sello', 'MOAY740103IS5'),
(37, '12-10-2025', 1, 'Firma', 'ROCM711213M50'),
(38, '23-12-2026', 1, 'Sello', 'ROCM711213M50'),
(39, '12-10-2025', 1, 'Firma', 'SAAJ860920FF0'),
(40, '06-12-2025', 1, 'Sello', 'SAAJ860920FF0'),
(41, '12-10-2025', 1, 'Firma', 'AARL810403AG0'),
(42, '15-12-2025', 1, 'Sello', 'AARL810403AG0'),
(43, '22-12-2025', 1, 'Firma', 'MEAF471114CY0'),
(44, '03-01-2026', 1, 'Sello', 'MEAF471114CY0'),
(45, '22-12-2025', 1, 'Firma', 'VIMJ690830EJ9'),
(46, '23-12-2025', 1, 'Sello', 'VIMJ690830EJ9'),
(47, '22-12-2025', 1, 'Firma', 'GALC780921EG9'),
(48, '15-02-2026', 1, 'Sello', 'GALC780921EG9'),
(49, '18-01-2026', 1, 'Firma', 'BADA750123QT3'),
(50, '14-02-2026', 1, 'Sello', 'BADA750123QT3'),
(51, '14-02-2026', 1, 'Firma', 'MAMF730614TR1'),
(52, '15-02-2026', 1, 'Sello', 'MAMF730614TR1'),
(53, '17-02-2026', 1, 'Firma', 'CAMA570128VD2'),
(54, '12-08-2026', 1, 'Sello', 'CAMA570128VD2'),
(55, '08-03-2026', 1, 'Firma', 'TEOJ750103NF0'),
(56, '05-03-2025', 1, 'Sello', 'TEOJ750103NF0'),
(57, '08-03-2026', 1, 'Firma', 'EANI000723IW5'),
(58, '13-06-2026', 1, 'Sello', 'EANI000723IW5'),
(59, '09-03-2026', 1, 'Firma', 'TEOR781202QX3'),
(60, '23-08-2026', 1, 'Sello', 'TEOR781202QX3'),
(61, '09-03-2026', 1, 'Firma', 'RUDD910205S63'),
(62, '23-08-2026', 1, 'Sello', 'RUDD910205S63'),
(63, '30-03-2026', 1, 'Firma', 'GAMA750304UB2'),
(64, '13-09-2026', 1, 'Sello', 'GAMA750304UB2'),
(65, '31-03-2026', 1, 'Firma', 'GIGJ910605EF5'),
(66, '31-03-2026', 1, 'Sello', 'GIGJ910605EF5'),
(67, '20-06-2026', 1, 'Firma', 'LERO770515M12'),
(68, '19-06-2024', 1, 'Sello', 'LERO770515M12'),
(69, '22-12-2026', 1, 'Firma', 'AEMA721001QZ8'),
(70, '16-10-2025', 1, 'Sello', 'AEMA721001QZ8'),
(71, '22-12-2026', 1, 'Firma', 'CACV790702UQ7'),
(72, '14-01-2027', 1, 'Sello', 'CACV790702UQ7'),
(73, '23-12-2026', 1, 'Firma', 'VEHL7211217T9'),
(74, '18-01-2027', 1, 'Sello', 'VEHL7211217T9'),
(75, '23-12-2026', 1, 'Firma', 'GOVJ801206B79'),
(76, '17-06-2024', 1, 'Sello', 'GOVJ801206B79'),
(77, '16-01-2027', 1, 'Firma', 'SOLL740826577'),
(78, '08-06-2026', 1, 'Sello', 'SOLL740826577'),
(79, '20-01-2027', 1, 'Firma', 'MATE840101PN8'),
(80, '03-03-2024', 1, 'Sello', 'MATE840101PN8'),
(81, '21-01-2027', 1, 'Firma', 'REGR7112127S7'),
(82, '18-01-2027', 1, 'Sello', 'REGR7112127S7'),
(83, '21-01-2027', 1, 'Firma', 'TOLG8312154T5'),
(84, '18-01-2027', 1, 'Sello', 'TOLG8312154T5'),
(85, '21-03-2027', 1, 'Firma', 'COMM860523DK8'),
(86, '15-09-2026', 1, 'Sello', 'COMM860523DK8'),
(87, '21-07-2027', 1, 'Firma', 'GTR180424UVA / AULS641101TK9'),
(88, '17-11-2027', 1, 'Sello', 'GTR180424UVA / AULS641101TK9'),
(89, '22-01-2025', 1, 'Firma', 'BAAM881214NV0'),
(90, '27-01-2025', 1, 'Sello', 'BAAM881214NV0'),
(91, '21-04-2027', 1, 'Firma', 'BAGA680128QQ7'),
(92, '12-06-2027', 1, 'Sello', 'BAGA680128QQ7'),
(93, '27-05-2026', 1, 'Firma', 'BEPA800824TH1'),
(94, '15-09-2026', 1, 'Sello', 'BEPA800824TH1'),
(95, '17-03-2024', 1, 'Firma', 'CACC920926CBA'),
(96, '14-09-2025', 1, 'Sello', 'CACC920926CBA'),
(97, '28-10-2024', 1, 'Firma', 'CAJK890628QG3'),
(98, '05-03-2025', 1, 'Sello', 'CAJK890628QG3'),
(99, '12-10-2024', 1, 'Firma', 'CARK9608196C1'),
(100, '15-10-2024', 1, 'Sello', 'CARK9608196C1'),
(101, '10-01-2026', 1, 'Firma', 'CURB950314LT3'),
(102, '09-05-2026', 1, 'Sello', 'CURB950314LT3'),
(103, '26-05-2024', 1, 'Firma', 'CURF841101HH7'),
(104, '08-03-2025', 1, 'Sello', 'CURF841101HH7'),
(105, '27-07-2025', 1, 'Firma', 'EAHI800513LT2'),
(106, '18-07-2027', 1, 'Sello', 'EAHI800513LT2'),
(107, '31-08-2024', 1, 'Firma', 'EAHM8912139LA'),
(108, '18-09-2024', 1, 'Sello', 'EAHM8912139LA'),
(109, '06-07-2026', 1, 'Firma', 'GAAE990131CE5'),
(110, '19-12-2027', 1, 'Sello', 'GAAE990131CE5'),
(111, '10-08-2026', 1, 'Firma', 'GAMG811003JQ6'),
(112, '26-06-2027', 1, 'Sello', 'GAMG811003JQ6'),
(113, '23-10-2027', 1, 'Firma', 'GAPJ810702LZ9'),
(114, '17-11-2027', 1, 'Sello', 'GAPJ810702LZ9'),
(115, '22-02-2025', 1, 'Firma', 'GAZP710922LW9'),
(116, '13-06-2027', 1, 'Sello', 'GAZP710922LW9'),
(117, '05-02-2025', 1, 'Firma', 'GOGX951111C90'),
(118, '12-01-2027', 1, 'Sello', 'GOGX951111C90'),
(119, '13-07-2027', 1, 'Firma', 'GORJ0307296Z2'),
(120, '07-11-2027', 1, 'Sello', 'GORJ0307296Z2'),
(121, '22-02-2026', 1, 'Firma', 'HEJC770402QX5'),
(122, '02-03-2026', 1, 'Sello', 'HEJC770402QX5'),
(123, '28-06-2026', 1, 'Firma', 'HESI9105215E3'),
(124, '12-06-2027', 1, 'Sello', 'HESI9105215E3'),
(125, '02-03-2025', 1, 'Firma', 'LOLJ7807076I9'),
(126, '24-08-2025', 1, 'Sello', 'LOLJ7807076I9'),
(127, '17-07-2024', 1, 'Firma', 'MACS571002KN6'),
(128, '05-03-2025', 1, 'Sello', 'MACS571002KN6'),
(129, '15-12-2024', 1, 'Firma', 'MACS860916UI6'),
(130, '05-03-2025', 1, 'Sello', 'MACS860916UI6'),
(131, '27-04-2024', 1, 'Firma', 'PATM660115N35'),
(132, '30-05-2027', 1, 'Sello', 'PATM660115N35'),
(133, '27-07-2025', 1, 'Firma', 'RITJ7502239P4'),
(134, '06-08-2025', 1, 'Sello', 'RITJ7502239P4'),
(135, '07-10-2025', 1, 'Firma', 'SAAV841221UW9'),
(136, '12-06-2027', 1, 'Sello', 'SAAV841221UW9'),
(137, '23-07-2025', 1, 'Firma', 'TELA910408RS1'),
(138, '17-01-2027', 1, 'Sello', 'TELA910408RS1'),
(139, '02-08-2025', 1, 'Firma', 'TORE720303P9A'),
(140, '10-09-2025', 1, 'Sello', 'TORE720303P9A'),
(141, '20-07-2026', 1, 'Firma', 'VECO8108204A8'),
(142, '17-11-2027', 1, 'Sello', 'VECO8108204A8'),
(143, '12-03-2024', 1, 'Firma', 'VIAG830120PF0'),
(144, '20-01-2027', 1, 'Sello', 'VIAG830120PF0'),
(145, '04-06-2024', 1, 'Firma', 'GAPR600903EA2'),
(146, '23-08-2026', 1, 'Sello', 'GAPR600903EA2'),
(147, '01-07-2024', 1, 'Firma', 'GOGL500403I21'),
(148, '27-07-2025', 1, 'Sello', 'GOGL500403I21'),
(149, '18-08-2024', 1, 'Firma', 'MATR851022EY0'),
(150, '18-01-2027', 1, 'Sello', 'MATR851022EY0'),
(151, '09-11-2024', 1, 'Firma', 'MAMD8309238K9'),
(152, '17-01-2027', 1, 'Sello', 'MAMD8309238K9'),
(153, '07-04-2025', 1, 'Firma', 'MEDB7010241U1'),
(154, '25-03-2026', 1, 'Sello', 'MEDB7010241U1'),
(155, '28-04-2025', 1, 'Firma', 'RIEL6505312V9'),
(156, '28-04-2025', 1, 'Sello', 'RIEL6505312V9'),
(157, '28-04-2025', 1, 'Firma', 'BEAH790324124'),
(158, '28-04-2025', 1, 'Sello', 'BEAH790324124'),
(159, '10-09-2025', 1, 'Firma', 'VALA920229680'),
(160, '10-09-2025', 1, 'Sello', 'VALA920229680'),
(161, '06-10-2025', 1, 'Firma', 'CUFR650302HB0'),
(162, '22-11-2025', 1, 'Sello', 'CUFR650302HB0'),
(163, '07-10-2025', 1, 'Firma', 'MEDI7109046K3'),
(164, '23-12-2025', 1, 'Sello', 'MEDI7109046K3'),
(165, '12-10-2025', 1, 'Firma', 'EICA540906SW8'),
(166, '22-11-2025', 1, 'Sello', 'EICA540906SW8'),
(167, '14-10-2025', 1, 'Firma', 'JAPM6106198R8'),
(168, '19-11-2025', 1, 'Sello', 'JAPM6106198R8'),
(169, '14-10-2025', 1, 'Firma', 'JILS680630H30'),
(170, '13-03-2024', 1, 'Sello', 'JILS680630H30'),
(171, '22-12-2025', 1, 'Firma', 'MOBI6512133R7'),
(172, '23-12-2025', 1, 'Sello', 'MOBI6512133R7'),
(173, '22-12-2025', 1, 'Firma', 'CUME820212LX1'),
(174, '11-01-2026', 1, 'Sello', 'CUME820212LX1'),
(175, '18-01-2026', 1, 'Firma', 'AAML660130QQ8'),
(176, '03-10-2027', 1, 'Sello', 'AAML660130QQ8'),
(177, '18-01-2026', 1, 'Firma', 'IMP891113T43 / AAML660130QQ8'),
(178, '12-10-2024', 1, 'Sello', 'IMP891113T43 / AAML660130QQ8'),
(179, '10-02-2026', 1, 'Firma', 'VIPJ6902137R2'),
(180, '29-03-2027', 1, 'Sello', 'VIPJ6902137R2'),
(181, '14-02-2026', 1, 'Firma', 'IIDJ580220NM7'),
(182, '15-02-2026', 1, 'Sello', 'IIDJ580220NM7'),
(183, '14-02-2026', 1, 'Firma', 'AILR690920GEA'),
(184, '28-02-2026', 1, 'Sello', 'AILR690920GEA'),
(185, '07-03-2026', 1, 'Firma', 'FICA710504SL2'),
(186, '23-08-2026', 1, 'Sello', 'FICA710504SL2'),
(187, '07-03-2026', 1, 'Firma', 'PUVR820709L88'),
(188, '18-04-2026', 1, 'Sello', 'PUVR820709L88'),
(189, '09-03-2026', 1, 'Firma', 'VAPI560128QAA'),
(190, '11-11-2025', 1, 'Sello', 'VAPI560128QAA'),
(191, '16-03-2026', 1, 'Firma', 'VEFL841126RU9'),
(192, '26-09-2026', 1, 'Sello', 'VEFL841126RU9'),
(193, '25-10-2026', 1, 'Firma', 'PEOE8206202X4'),
(194, '08-08-2027', 1, 'Sello', 'PEOE8206202X4'),
(195, '22-12-2026', 1, 'Firma', 'MAPM660315BV1'),
(196, '18-01-2027', 1, 'Sello', 'MAPM660315BV1'),
(197, '22-12-2026', 1, 'Firma', 'OIVI740617U52'),
(198, '30-08-2025', 1, 'Sello', 'OIVI740617U52'),
(199, '22-12-2026', 1, 'Firma', 'PEVL870114AM1'),
(200, '24-11-2025', 1, 'Sello', 'PEVL870114AM1'),
(201, '23-12-2026', 1, 'Firma', 'SOLE730731EN3'),
(202, '20-01-2026', 1, 'Sello', 'SOLE730731EN3'),
(203, '18-01-2027', 1, 'Firma', 'GAGP7401258ZA'),
(204, '12-01-2025', 1, 'Sello', 'GAGP7401258ZA'),
(205, '19-01-2027', 1, 'Firma', 'FASG680805Q57'),
(206, '18-01-2027', 1, 'Sello', 'FASG680805Q57'),
(207, '19-01-2027', 1, 'Firma', 'SACR8907276V6'),
(208, '17-01-2027', 1, 'Sello', 'SACR8907276V6'),
(209, '19-01-2027', 1, 'Firma', 'HEZY8010134U4'),
(210, '30-03-2027', 1, 'Sello', 'HEZY8010134U4'),
(211, '26-01-2027', 1, 'Firma', 'MACJ861206TF1'),
(212, '15-01-2028', 1, 'Sello', 'MACJ861206TF1'),
(213, '26-01-2027', 1, 'Firma', 'VAMR780824170'),
(214, '19-03-2024', 1, 'Sello', 'VAMR780824170'),
(215, '22-09-2025', 1, 'Firma', 'CAGN910225PQ1'),
(216, '01-02-2026', 1, 'Sello', 'CAGN910225PQ1'),
(217, '17-11-2025', 1, 'Firma', 'CAMD671112970'),
(218, '01-12-2025', 1, 'Sello', 'CAMD671112970'),
(219, '01-06-2027', 1, 'Firma', 'CAOA891113ICA'),
(220, '15-06-2027', 1, 'Sello', 'CAOA891113ICA'),
(221, '22-10-2025', 1, 'Firma', 'CEGA7101022E7'),
(222, '18-11-2025', 1, 'Sello', 'CEGA7101022E7'),
(223, '28-07-2025', 1, 'Firma', 'CULL8203277V1'),
(224, '01-09-2025', 1, 'Sello', 'CULL8203277V1'),
(225, '30-04-2026', 1, 'Firma', 'EULA730319429'),
(226, '26-09-2026', 1, 'Sello', 'EULA730319429'),
(227, '09-09-2025', 1, 'Firma', 'FUOP7809265F2'),
(228, '15-06-2027', 1, 'Sello', 'FUOP7809265F2'),
(229, '26-06-2024', 1, 'Firma', 'GORD871122AP1'),
(230, '30-08-2025', 1, 'Sello', 'GORD871122AP1'),
(231, '12-09-2026', 1, 'Firma', 'JICS740304J15'),
(232, '15-06-2027', 1, 'Sello', 'JICS740304J15'),
(233, '02-08-2026', 1, 'Firma', 'LEVA890315TA9'),
(234, '17-01-2027', 1, 'Sello', 'LEVA890315TA9'),
(235, '30-05-2026', 1, 'Firma', 'MAAH800910L78'),
(236, '15-06-2027', 1, 'Sello', 'MAAH800910L78'),
(237, '02-03-2025', 1, 'Firma', 'MAAJ8409309A9'),
(238, '13-09-2025', 1, 'Sello', 'MAAJ8409309A9'),
(239, '13-03-2024', 1, 'Firma', 'MOCJ741109K93'),
(240, '15-04-2024', 1, 'Sello', 'MOCJ741109K93'),
(241, '18-10-2025', 1, 'Firma', 'MOEF770617AM3'),
(242, '22-12-2025', 1, 'Sello', 'MOEF770617AM3'),
(243, '02-12-2024', 1, 'Firma', 'MOGE730819R98'),
(244, '17-11-2025', 1, 'Sello', 'MOGE730819R98'),
(245, '21-06-2027', 1, 'Firma', 'MORY840706T62'),
(246, '25-09-2027', 1, 'Sello', 'MORY840706T62'),
(247, '28-11-2026', 1, 'Firma', 'NAGE950106U78'),
(248, '15-06-2027', 1, 'Sello', 'NAGE950106U78'),
(249, '26-05-2024', 1, 'Firma', 'NIFJ7705258F8'),
(250, '23-11-2025', 1, 'Sello', 'NIFJ7705258F8'),
(251, '04-08-2026', 1, 'Firma', 'RIEL000803T22'),
(252, '05-08-2026', 1, 'Sello', 'RIEL000803T22'),
(253, '03-06-2026', 1, 'Firma', 'SASA661206DP3'),
(254, '13-06-2026', 1, 'Sello', 'SASA661206DP3'),
(255, '22-01-2028', 1, 'Firma', 'SEHV761225N49'),
(256, '01-09-2025', 1, 'Sello', 'SEHV761225N49'),
(257, '06-01-2026', 1, 'Firma', 'VAMG750703JS0'),
(258, '26-09-2026', 1, 'Sello', 'VAMG750703JS0'),
(259, '10-02-2024', 1, 'Firma', 'OIGA630531SP6'),
(260, '10-02-2024', 1, 'Sello', 'OIGA630531SP6'),
(261, '07-02-2024', 1, 'Firma', 'TOAR010105SM9'),
(262, '22-01-2028', 1, 'Sello', 'TOAR010105SM9'),
(263, '12-04-2025', 1, 'Firma', 'LULJ7310256D9'),
(264, '26-03-2024', 1, 'Sello', 'LULJ7310256D9'),
(265, '03-03-2024', 1, 'Firma', 'SPT160322HM3 / TUMG660906B76'),
(266, '06-06-2024', 1, 'Sello', 'SPT160322HM3 / TUMG660906B76'),
(267, '27-07-2024', 1, 'Firma', 'AGR1608015Z1 / GARR670124610'),
(268, '03-08-2024', 1, 'Sello', 'AGR1608015Z1 / GARR670124610'),
(269, '22-12-2026', 1, 'Firma', 'PSM020129J30 / PIRG6611251W7'),
(270, '14-08-2024', 1, 'Sello', 'PSM020129J30 / PIRG6611251W7'),
(271, '23-09-2024', 1, 'Firma', 'TOGG541013BH5'),
(272, '01-10-2024', 1, 'Sello', 'TOGG541013BH5'),
(273, '13-10-2024', 1, 'Firma', 'GOQO640528SS6'),
(274, '13-10-2024', 1, 'Sello', 'GOQO640528SS6'),
(275, '20-01-2027', 1, 'Firma', 'VAAA670925NR2'),
(276, '05-01-2025', 1, 'Sello', 'VAAA670925NR2'),
(277, '22-12-2026', 1, 'Firma', 'GARI690911PD2'),
(278, '07-01-2025', 1, 'Sello', 'GARI690911PD2'),
(279, '25-01-2025', 1, 'Firma', 'TIN130201J19 / CEGJ711126GT8'),
(280, '25-01-2025', 1, 'Sello', 'TIN130201J19 / CEGJ711126GT8'),
(281, '18-09-2024', 1, 'Firma', 'VIM200811170 / VIGH740428722'),
(282, '28-05-2025', 1, 'Sello', 'VIM200811170 / VIGH740428722'),
(283, '11-08-2025', 1, 'Firma', 'MISR680818439'),
(284, '01-09-2025', 1, 'Sello', 'MISR680818439'),
(285, '14-07-2025', 1, 'Firma', 'AABH950725A81'),
(286, '13-09-2025', 1, 'Sello', 'AABH950725A81'),
(287, '20-01-2027', 1, 'Firma', 'LUPM690528L4A'),
(288, '18-10-2025', 1, 'Sello', 'LUPM690528L4A'),
(289, '03-03-2024', 1, 'Firma', 'VAPS610823P25'),
(290, '18-10-2025', 1, 'Sello', 'VAPS610823P25'),
(291, '14-01-2027', 1, 'Firma', 'BERR731102B3A'),
(292, '26-10-2025', 1, 'Sello', 'BERR731102B3A'),
(293, '20-01-2027', 1, 'Firma', 'MASM670306EA7'),
(294, '27-10-2025', 1, 'Sello', 'MASM670306EA7'),
(295, '20-01-2027', 1, 'Firma', 'MEHR790217T91'),
(296, '27-10-2025', 1, 'Sello', 'MEHR790217T91'),
(297, '23-09-2024', 1, 'Firma', 'AARL360910MHA'),
(298, '29-10-2025', 1, 'Sello', 'AARL360910MHA'),
(299, '20-01-2027', 1, 'Firma', 'OIOG520111S48'),
(300, '29-10-2025', 1, 'Sello', 'OIOG520111S48'),
(301, '08-03-2026', 1, 'Firma', 'PETJ570812IL3'),
(302, '29-10-2025', 1, 'Sello', 'PETJ570812IL3'),
(303, '01-12-2024', 1, 'Firma', 'SUDC780517938'),
(304, '11-11-2025', 1, 'Sello', 'SUDC780517938'),
(305, '03-03-2024', 1, 'Firma', 'TUMG660906B76'),
(306, '16-11-2025', 1, 'Sello', 'TUMG660906B76'),
(307, '07-10-2025', 1, 'Firma', 'VEGP500629JB6'),
(308, '09-12-2025', 1, 'Sello', 'VEGP500629JB6'),
(309, '20-01-2027', 1, 'Firma', 'JUGH620427CL2'),
(310, '23-12-2025', 1, 'Sello', 'JUGH620427CL2'),
(311, '18-01-2026', 1, 'Firma', 'UGA180102LC6 / PETJ570812IL3'),
(312, '24-01-2026', 1, 'Sello', 'UGA180102LC6 / PETJ570812IL3'),
(313, '08-03-2026', 1, 'Firma', 'FVN140825DY3 / GOVJ801206B79'),
(314, '08-03-2026', 1, 'Sello', 'FVN140825DY3 / GOVJ801206B79'),
(315, '08-03-2026', 1, 'Firma', 'RAVO8611265P0'),
(316, '15-03-2026', 1, 'Sello', 'RAVO8611265P0'),
(317, '07-03-2026', 1, 'Firma', 'OIOE650814534'),
(318, '18-04-2026', 1, 'Sello', 'OIOE650814534'),
(319, '09-04-2026', 1, 'Firma', 'CAMB640710Q3A'),
(320, '18-04-2026', 1, 'Sello', 'CAMB640710Q3A'),
(321, '08-01-2025', 1, 'Firma', 'GAVV9205275K1'),
(322, '18-04-2026', 1, 'Sello', 'GAVV9205275K1'),
(323, '07-03-2026', 1, 'Firma', 'CETA560102GI1'),
(324, '11-05-2026', 1, 'Sello', 'CETA560102GI1'),
(325, '10-05-2026', 1, 'Firma', 'FHE210327IS6 / SASG680608MH3'),
(326, '11-05-2026', 1, 'Sello', 'FHE210327IS6 / SASG680608MH3'),
(327, '07-10-2025', 1, 'Firma', 'GADS700930JJ2'),
(328, '25-05-2026', 1, 'Sello', 'GADS700930JJ2'),
(329, '07-05-2025', 1, 'Firma', 'SIN130708159 / BERR731102B3A'),
(330, '08-06-2026', 1, 'Sello', 'SIN130708159 / BERR731102B3A'),
(331, '08-03-2026', 1, 'Firma', 'RUPL720118336'),
(332, '23-08-2026', 1, 'Sello', 'RUPL720118336'),
(333, '09-03-2026', 1, 'Firma', 'SMA140901DHA / PEFF760124NQ2'),
(334, '23-08-2026', 1, 'Sello', 'SMA140901DHA / PEFF760124NQ2'),
(335, '23-09-2026', 1, 'Firma', 'CFM1810265L7 / RIPM790501PL0'),
(336, '23-09-2026', 1, 'Sello', 'CFM1810265L7 / RIPM790501PL0'),
(337, '03-06-2026', 1, 'Firma', 'TNL180426T98 / LONG830512JM6'),
(338, '07-11-2026', 1, 'Sello', 'TNL180426T98 / LONG830512JM6'),
(339, '22-01-2028', 1, 'Firma', 'PELJ8205095G5'),
(340, '22-12-2026', 1, 'Sello', 'PELJ8205095G5'),
(341, '01-07-2025', 1, 'Firma', 'HEVN7310151Z1'),
(342, '18-01-2027', 1, 'Sello', 'HEVN7310151Z1'),
(343, '20-01-2027', 1, 'Firma', 'MISR710508V95'),
(344, '18-01-2027', 1, 'Sello', 'MISR710508V95'),
(345, '08-10-2026', 1, 'Firma', 'GOPL6010023I4'),
(346, '18-01-2027', 1, 'Sello', 'GOPL6010023I4'),
(347, '10-02-2025', 1, 'Firma', 'YSO180903RM1 / HEZY8010134U4'),
(348, '18-01-2027', 1, 'Sello', 'YSO180903RM1 / HEZY8010134U4'),
(349, '24-06-2025', 1, 'Firma', 'VICE630428AG1'),
(350, '18-01-2027', 1, 'Sello', 'VICE630428AG1'),
(351, '08-08-2027', 1, 'Firma', 'HIM150911EN6 / HICA7710233U3'),
(352, '18-01-2027', 1, 'Sello', 'HIM150911EN6 / HICA7710233U3'),
(353, '12-09-2024', 1, 'Firma', 'CID0809082M2 / RAIR8812024M7'),
(354, '20-01-2027', 1, 'Sello', 'CID0809082M2 / RAIR8812024M7'),
(355, '06-12-2026', 1, 'Firma', 'GGC140911QH0 / GOPL6010023I4'),
(356, '13-02-2027', 1, 'Sello', 'GGC140911QH0 / GOPL6010023I4'),
(357, '06-04-2026', 1, 'Firma', 'GAVM9602139M4'),
(358, '01-03-2027', 1, 'Sello', 'GAVM9602139M4'),
(359, '25-01-2025', 1, 'Firma', 'TAN000725BF4 / CEGJ711126GT8'),
(360, '26-06-2027', 1, 'Sello', 'TAN000725BF4 / CEGJ711126GT8'),
(361, '30-05-2027', 1, 'Firma', 'LTR2305161L7 / GOGJ0307023N9'),
(362, '28-08-2027', 1, 'Sello', 'LTR2305161L7 / GOGJ0307023N9'),
(363, '28-07-2027', 1, 'Firma', 'VIAE010118FS9'),
(364, '19-12-2027', 1, 'Sello', 'VIAE010118FS9'),
(365, '24-03-2026', 1, 'Firma', 'AAT2202155T9 / MORF9203184H1'),
(366, '02-09-2026', 1, 'Sello', 'AAT2202155T9 / MORF9203184H1'),
(367, '17-02-2025', 1, 'Firma', 'AAHM510802NV3'),
(368, '10-09-2025', 1, 'Sello', 'AAHM510802NV3'),
(369, '22-12-2027', 1, 'Firma', 'RORD941107EV2'),
(370, '03-01-2028', 1, 'Sello', 'RORD941107EV2'),
(371, '05-11-2025', 1, 'Firma', 'PIRG6611251W7'),
(372, '18-01-2028', 1, 'Sello', 'PIRG6611251W7'),
(373, '27-07-2027', 1, 'Firma', 'AUHN931014TT8'),
(374, '18-01-2028', 1, 'Sello', 'AUHN931014TT8'),
(375, '17-02-2027', 1, 'Firma', 'NAGF6211245E5'),
(376, '18-01-2028', 1, 'Sello', 'NAGF6211245E5'),
(377, '19-01-2027', 1, 'Firma', 'FOSG6603291Q2'),
(378, '01-12-2027', 1, 'Firma', 'CLI1609029T1 / MEHI840917U73'),
(379, '05-08-2026', 1, 'Firma', 'GAAK920229MS7'),
(380, '18-01-2028', 1, 'Firma', 'GOVJ720103SD5'),
(381, '18-10-2025', 1, 'Sello', 'GOVJ720103SD5'),
(382, '30-11-2027', 1, 'Firma', 'ILO150227EE6 / MEHI840917U73'),
(383, '21-06-2027', 1, 'Firma', 'MIC220720MZ0 / OEOC8512135B5'),
(384, '07-11-2027', 1, 'Firma', 'MAM231024QU5 / RUPL720118336'),
(385, '28-07-2024', 1, 'Firma', 'MORF9203184H1'),
(386, '23/08/2026', 1, 'A', 'SLM080103EF7 / TOHJ621114RI7'),
(387, '18-01-2027', 1, 'Sello', 'VAG1510212R9 / VICJ710309QZ0');

-- --------------------------------------------------------

--
-- Estructura de tabla para la tabla `clave_ciec`
--

CREATE TABLE `clave_ciec` (
  `id` int(11) NOT NULL,
  `contrasenia` varchar(10) DEFAULT NULL
) ENGINE=InnoDB DEFAULT CHARSET=utf8mb4 COLLATE=utf8mb4_spanish_ci;

--
-- Volcado de datos para la tabla `clave_ciec`
--

INSERT INTO `clave_ciec` (`id`, `contrasenia`) VALUES
(1, 'Conta090'),
(2, 'Matias73'),
(3, 'Conta123'),
(4, 'GAPG9107'),
(5, 'coco3009'),
(6, '01Camilo'),
(7, 'ALFONSO7'),
(8, 'BERE9503'),
(9, 'Fco47149'),
(10, 'A1beto94'),
(11, 'veronica'),
(12, 'LERO7705'),
(13, 'JAVIER83'),
(14, 'G8P9A3E4'),
(15, 'Negro861'),
(16, 'AALF6708'),
(17, 'Resend57'),
(18, 'aacp7009'),
(19, 'Abeltran'),
(20, 'Kvnrdz96'),
(21, 'CORL9601'),
(22, 'JAVIER10'),
(23, 'REGR7112'),
(24, 'RORA9802'),
(25, '20042009'),
(26, 'TOLA7302'),
(27, 'cufr6503'),
(28, 'Heag8421'),
(29, 'HEZY8010'),
(30, 'SLIJ6086'),
(31, 'aleciram'),
(32, 'moge7308'),
(33, 'Valeria1'),
(34, 'VIAG1871'),
(35, 'aracely7'),
(36, 'NAMOUR01'),
(37, '1962FONG'),
(38, 'Riel0308'),
(39, '12345ABC'),
(40, 'leva8903'),
(41, 'MACJ8612'),
(42, '25HE705a'),
(43, 'camaleon'),
(44, 'MOCJ7411');

-- --------------------------------------------------------

--
-- Estructura de tabla para la tabla `cliente`
--

CREATE TABLE `cliente` (
  `rfc` varchar(80) NOT NULL,
  `nombre` varchar(80) DEFAULT NULL,
  `grupo_clientes` char(1) DEFAULT NULL,
  `id_clave_ciec` int(11) DEFAULT NULL,
  `clave_regimen` int(11) DEFAULT NULL,
  `constancia` varchar(35) DEFAULT NULL
) ENGINE=InnoDB DEFAULT CHARSET=utf8mb4 COLLATE=utf8mb4_spanish_ci;

--
-- Volcado de datos para la tabla `cliente`
--

INSERT INTO `cliente` (`rfc`, `nombre`, `grupo_clientes`, `id_clave_ciec`, `clave_regimen`, `constancia`) VALUES
('AABH950725A81', 'HECTOR ELIUD ALVAREZ BERMUDEZ', 'A', NULL, NULL, NULL),
('AACP7009254V4', 'PEDRO ALFARO CEDILLO', 'B', 18, 621, NULL),
('AACS681023H34', 'SERVANDO ALFARO CEDILLO', 'B', 1, 612, NULL),
('AAHM510802NV3', 'MARINA AMPARAN HOLGUIN', 'C', NULL, NULL, NULL),
('AALF6708197T2', 'FERNANDO JAVIER AMADOR DE LA LLAVE', 'B', 16, 626, NULL),
('AAML660130QQ8', 'LUZ MARIA DE MONSERRAT ARAUJO MENDOZA', 'C', NULL, 612, NULL),
('AARL360910MHA', 'JOSE LUIS ALVARADO DE LA ROSA', 'A', NULL, NULL, NULL),
('AARL810403AG0', 'LAURA YOLANDA ALVARADO REYES', 'B', 1, 612, NULL),
('AAT2202155T9 / MORF9203184H1', 'AFC AUTO TRANSPORTE SA DE CV', 'A', NULL, NULL, NULL),
('AEMA721001QZ8', 'ANA GUADALUPE ARTEAGA MENDEZ', 'B', 1, 626, NULL),
('AGR1608015Z1 / GARR670124610', 'ASESORIA GARCIA REYES Y ASOCIADOS SC', 'A', NULL, NULL, NULL),
('AILR690920GEA', 'ROBERTO CARLOS ANIMAS LUIS', 'C', 2, 626, NULL),
('AUHN931014TT8', 'NANCY VERONICA AGUILERA HERNANDEZ', 'C', NULL, NULL, NULL),
('BAAM881214NV0', 'MARCO ANTONIO BALCAZAR ALATORRE', 'B', 1, 612, NULL),
('BADA750123QT3', 'ALEJANDRO BLANCO DIEGO', 'B', 2, 612, NULL),
('BAGA680128QQ7', 'ABIEL EDGARDO BARRIENTOS GONZALEZ', 'B', 1, 626, NULL),
('BEAH790324124', 'HECTOR MANUEL BELTRAN AVALOS', 'C', 2, 612, NULL),
('BEPA800824TH1', 'ALEJANDRO BELTRAN PEÑA', 'B', 19, 621, NULL),
('BERR731102B3A', 'ROSA IDALIA BERMUDEZ ROJO', 'A', NULL, NULL, NULL),
('CACC920926CBA', 'CRISTIAN MICHEL CASTILLO CASTAÑEDA', 'B', 1, 621, NULL),
('CACV790702UQ7', 'VERONICA CHAVEZ CASTILLO', 'B', 11, 612, NULL),
('CAGN910225PQ1', 'NYDIA NALLELY CASTILLO GUERRA', 'C', 1, 626, NULL),
('CAJK890628QG3', 'KARLA MARIA CHAVEZ JUAREZ', 'B', 2, 621, NULL),
('CAMA570128VD2', 'AURORA CHAVARRIA MARTINEZ', 'B', 1, 626, NULL),
('CAMB640710Q3A', 'BEATRIZ CARDENAS MEDELLIN', 'A', NULL, NULL, NULL),
('CAMD671112970', 'DAVID CARRILLO MEDINA', 'C', 1, 612, NULL),
('CAOA891113ICA', 'ARACELY ELIZABETH CASTILLO OJEDA', 'C', 35, 626, NULL),
('CARK9608196C1', 'KEVIN CANDIA RODRIGUEZ', 'B', 20, 621, NULL),
('CEGA7101022E7', 'JOSE ANTONIO CERRILLO GARZA', 'C', 1, 626, NULL),
('CETA560102GI1', 'ANGELICA CERVANTES TELLO', 'A', NULL, NULL, NULL),
('CFM1810265L7 / RIPM790501PL0', 'CBI FREIGHT MEXICO SA DE CV', 'A', NULL, NULL, NULL),
('CID0809082M2 / RAIR8812024M7', 'COMERCIALIZADORA INTERNACIONAL LOS DOS LAREDOS SA DE CV', 'A', NULL, NULL, NULL),
('CLI1609029T1 / MEHI840917U73', 'COMERCIALIZADORA Y  LOGISTICA I & R.M.H. SA DE CV', 'A', NULL, NULL, NULL),
('COLC621201MG3', 'CECILIO CONTRERAS LOMAS', 'B', 10, 612, NULL),
('COMM860523DK8', 'MIGUEL MARTIN CORONADO MATA', 'B', 2, 612, NULL),
('CORL960305MC1', 'LIZETH CORTINAS RUIZ', 'B', 21, 621, NULL),
('CUFR650302HB0', 'ROSENDO DE LA CRUZ FAUSTINO', 'C', 27, 612, NULL),
('CULL8203277V1', 'MARIA DE LOURDES DE LA CRUZ LOPEZ', 'C', 2, 621, NULL),
('CUME820212LX1', 'EULALIO DE LA CRUZ MARTINEZ', 'C', 2, 621, NULL),
('CURB950314LT3', 'BERENICE DE LA CRUZ RAMIREZ', 'B', 8, 612, NULL),
('CURF841101HH7', 'FRANCISCO JAVIER CUETARA RAMIREZ', 'B', 22, 621, NULL),
('EAHI800513LT2', 'IVAN VERCINGETORIGE ESTRADA HERRERA', 'B', 1, 626, NULL),
('EAHM8912139LA', 'MIGUEL AGUSTIN ESTRADA HERRERA', 'B', 1, 621, NULL),
('EANI000723IW5', 'IVANNA ESTRADA NAVA', 'B', 1, 621, NULL),
('EICA540906SW8', 'ARMANDO ESPINOSA CASTILLO', 'C', 28, 612, NULL),
('EULA730319429', 'JOSE ALFREDO ESQUIVEL LARA', 'C', 1, 626, NULL),
('FASG680805Q57', 'GONZALO PRISCILIANO FARIAS SALINAS', 'C', 2, 626, NULL),
('FHE210327IS6 / SASG680608MH3', 'FLETES HUNTER EXPRESS DE MEXICO SA DE CV', 'A', NULL, NULL, NULL),
('FICA710504SL2', 'ANA LAURA FIGUEROA CHAVEZ', 'C', NULL, 612, NULL),
('FOSG6603291Q2', 'GILBERTO FLORES SOLIS', 'C', 1, 626, NULL),
('FUOP7809265F2', 'PABLO SERGIO FUENTES OCHOA', 'C', 2, 612, NULL),
('FVN140825DY3 / GOVJ801206B79', 'FRUTAS Y VERDURAS DE NUEVO LAREDO SA DE CV', 'A', NULL, NULL, NULL),
('GAAE990131CE5', 'EZEQUIEL GARCIA ANTONIO', 'B', 2, 625, NULL),
('GAAK920229MS7', 'KAREN GALVAN ALCORTA', 'A', NULL, NULL, NULL),
('GADS700930JJ2', 'MARIA DEL SOCORRO GALLEGOS DELGADILLO', 'A', NULL, NULL, NULL),
('GAGP7401258ZA', 'PABLO RENE GARCIA GARCIA', 'C', 39, 621, NULL),
('GALC780921EG9', 'CYNTHIA JANETH GARCIA LOPEZ', 'B', 1, 621, NULL),
('GAMA750304UB2', 'MARIA ADRIANA GARCIA MUÑOZ', 'B', 2, 626, NULL),
('GAMG811003JQ6', 'GRICELDA GARCIA MORENO', 'B', 2, 612, NULL),
('GAPG910722CGA', 'GISELA ESMERALDA GALINDO PACHECO', 'B', 4, 612, NULL),
('GAPJ810702LZ9', 'JULIO CESAR GAYTAN PALOMO', 'B', 2, 626, NULL),
('GAPR600903EA2', 'ROSALVA GAYTAN PALOMO', 'C', 2, 612, NULL),
('GARI690911PD2', 'ISIS LISSETT GARCIA RODRIGUEZ', 'A', NULL, NULL, NULL),
('GAVM9602139M4', 'MARIANA DEL PILAR GARZA VILA', 'A', NULL, NULL, NULL),
('GAVV9205275K1', 'VALERIA ALEJANDRA GARZA VILA', 'A', NULL, NULL, NULL),
('GAZP710922LW9', 'PATSY ELIZABETH GARCIA ZARATE', 'B', 1, 612, NULL),
('GGC140911QH0 / GOPL6010023I4', 'GP GROUP COMERCIALIZADORA ADUANAL S DE RL DE CV', 'A', NULL, NULL, NULL),
('GIGJ910605EF5', 'JUAN ANTONIO GIL GONZALEZ', 'B', 2, 612, NULL),
('GOGL500403I21', 'MA. DE LA LUZ GOMEZ GUZMAN', 'C', 2, 612, NULL),
('GOGX951111C90', 'XITLALY XOCHITHQUETZALY GONZALEZ GONZALEZ', 'B', 1, 621, NULL),
('GOPL6010023I4', 'JOSE LUIS GOMEZ PEÑA', 'A', NULL, NULL, NULL),
('GOQO640528SS6', 'OSCAR MANUEL GOMEZ QUIÑONES', 'A', NULL, NULL, NULL),
('GORD871122AP1', 'DANIEL GONZALEZ RODRIGUEZ', 'C', 1, 621, NULL),
('GORJ0307296Z2', 'JUAN DAVID GONZALEZ RIOS', 'B', NULL, 626, NULL),
('GOVJ720103SD5', 'JUAN ANTONIO GONZALEZ VAZQUEZ', 'A', NULL, NULL, NULL),
('GOVJ801206B79', 'JUAN ISIDRO GONZALEZ VALDIVIA', 'B', 1, 612, NULL),
('GTR180424UVA / AULS641101TK9', 'GONZAGAR TRANSPORT SA DE CV', 'B', 2, 601, NULL),
('HEGM870709D39', 'MAITE IRASEMA HERNANDEZ GUERRA', 'B', 2, 626, NULL),
('HEJC770402QX5', 'CANDELARIO HERNANDEZ JARAMILLO', 'B', 1, 612, NULL),
('HEPF560627D62', 'FERNANDO HERNANDEZ PINEDA', 'B', 2, 612, NULL),
('HESI9105215E3', 'ISELA GUADALUPE HERNANDEZ SOLIS', 'B', 1, 626, NULL),
('HEVN7310151Z1', 'NOEL HERNANDEZ VALDIVIA', 'A', NULL, NULL, NULL),
('HEZY8010134U4', 'YASSER EDUARDO HERNANDEZ ZAPATA', 'C', 29, 612, NULL),
('HIM150911EN6 / HICA7710233U3', 'HICAVISE IMPORTACIONES SA DE CV', 'A', NULL, NULL, NULL),
('IIDJ580220NM7', 'JUANA IPIÑA DUQUE', 'C', 1, 606, NULL),
('ILO150227EE6 / MEHI840917U73', 'IRM LOGISTIC SA DE CV', 'A', NULL, NULL, NULL),
('IMP891113T43 / AAML660130QQ8', 'IMPLECSA SA DE CV', 'C', 1, 601, NULL),
('JACA861105KU6', 'JOSE ALEJANDRO JASSO DEL CARMEN', 'B', 15, 612, NULL),
('JAPM6106198R8', 'JOSE MARCELINO JASSO PIÑEIRO', 'C', 1, 626, NULL),
('JICS740304J15', 'SANDRA LUZ JIMENEZ DE LA CRUZ', 'C', 1, 626, NULL),
('JILS680630H30', 'SANJUANA ADRIANA JIMENEZ LOPEZ', 'C', 30, 612, NULL),
('JUGH620427CL2', 'HECTOR JUAN Y SEVA GARCIA', 'A', NULL, NULL, NULL),
('LERO770515M12', 'OLGA CECILIA DE LEON REYES', 'B', 12, 612, NULL),
('LEVA890315TA9', 'ADRIANA LERMA VALDEZ', 'C', 40, 621, NULL),
('LOFC950118D57', 'CHRISTIAN LOPEZ FLORES', 'B', 2, 612, NULL),
('LOLJ7807076I9', 'JULIO CESAR LOPEZ LOZANO', 'B', 2, 612, NULL),
('LTR2305161L7 / GOGJ0307023N9', 'LOBOS TRA-MEX SA DE CV', 'A', NULL, NULL, NULL),
('LULJ7310256D9', 'JUPITER BENJAMIN LUJAN LOERA', 'A', NULL, NULL, NULL),
('LUPM690528L4A', 'MARTHA PATRICIA LUEVANO PONCE', 'A', NULL, NULL, NULL),
('MAAH800910L78', 'HAYDEE MARTINEZ AGUIRRE', 'C', 1, 626, NULL),
('MAAJ8409309A9', 'JOSE MARTINEZ AGUIRRE', 'C', 2, 612, NULL),
('MACJ861206TF1', 'JONATHAN ALEXIS MARTINEZ CASTAÑEDA', 'C', 41, 621, NULL),
('MACS571002KN6', 'SOCORRO MACIAS CORONA', 'B', 5, 612, NULL),
('MACS860916UI6', 'SONIA MARTINEZ CASTILLO', 'B', 1, 612, NULL),
('MAM231024QU5 / RUPL720118336', 'MISGIESA AUTOMATIZACION Y MAQUINADOS INDUSTRIALES SA DE CV', 'A', NULL, NULL, NULL),
('MAMD8309238K9', 'DANIELA MARTINEZ MENDOZA', 'C', 2, 612, NULL),
('MAMF730614TR1', 'FERNANDO MARTINEZ MONTALVO', 'B', 1, 626, NULL),
('MAPM660315BV1', 'MARICELA MARTINEZ PUENTE', 'C', 31, 612, NULL),
('MASM670306EA7', 'MANUEL ANTONIO MADRIGAL SERNA', 'A', NULL, NULL, NULL),
('MATE840101PN8', 'EMMANUEL MARQUEZ TAPIA', 'B', 6, 612, NULL),
('MATR851022EY0', 'RENE JOSE MAYA TORRES', 'C', 2, 612, NULL),
('MEAF471114CY0', 'FRANCISCO MEDINA ALVEAR', 'B', 9, 612, NULL),
('MEDB7010241U1', 'BLANCA ESTELA MENCHACA DELGADO', 'C', 1, 626, NULL),
('MEDI7109046K3', 'ISAAC RAYMUNDO MENCHACA DELGADO', 'C', 1, 621, NULL),
('MEHR790217T91', 'RAFAEL MELGAREJO HERRERA', 'A', NULL, NULL, NULL),
('MERM671219NY7', 'MARTHA MENDEZ RODRIGUEZ', 'B', 1, 612, NULL),
('MIC220720MZ0 / OEOC8512135B5', 'MCA INTERNACIONAL CARRIERS SA DE CV', 'A', NULL, NULL, NULL),
('MISR680818439', 'RAFAEL MIRELES SALINAS', 'A', NULL, NULL, NULL),
('MISR710508V95', 'RAUL MIRELES SALINAS', 'A', NULL, NULL, NULL),
('MOAY740103IS5', 'YOANNA MONARREZ ALVAREZ', 'B', 3, 612, NULL),
('MOBI6512133R7', 'ISAAC MORENO Y BASTIAN', 'C', 1, 621, NULL),
('MOCJ741109K93', 'JAVIER MORENO CRUZ', 'C', 44, 612, NULL),
('MOEF770617AM3', 'FELIPE DE JESUS MOGUEL ECHEVERRIA', 'C', 1, 612, NULL),
('MOGE730819R98', 'EDUARDO JESUS MONZON GUAJARDO', 'C', 32, 612, NULL),
('MORF9203184H1', 'FERNANDO MORENO REYES', 'A', NULL, NULL, NULL),
('MORY840706T62', 'YURIKO ANAHI MOLINA ROQUE', 'C', NULL, 626, NULL),
('NAGE950106U78', 'ELIZABETH NAMOUR GONZALEZ', 'C', 36, 626, NULL),
('NAGF6211245E5', 'FLOR OFELIA NADAL GARCIA', 'C', NULL, NULL, NULL),
('NIFJ7705258F8', 'JESUS EMMANUEL NIETO FLORES', 'C', 42, 621, NULL),
('OIGA630531SP6', 'MARIA DE LOS ANGELES ORTIZ GLORIA', 'A', NULL, NULL, NULL),
('OINA761211I29', 'JOSE ALEJANDRO OVIEDO NAVA', 'B', 1, 621, NULL),
('OIOE650814534', 'EDITH ORTIZ OBREGON', 'A', NULL, NULL, NULL),
('OIOG520111S48', 'JOSE GABRIEL ORTIZ OBREGON', 'A', NULL, NULL, NULL),
('OIVI740617U52', 'ISMAEL ORTIZ VICENTE', 'C', 1, 612, NULL),
('PATM660115N35', 'MARCO ANTONIO PACHECO TORRES', 'B', 2, 612, NULL),
('PELJ8205095G5', 'JUANA MARIA PEDRAZA LARA', 'A', NULL, NULL, NULL),
('PEOE8206202X4', 'EDNA EDITH PERALES OBREGON', 'C', NULL, 626, NULL),
('PETJ570812IL3', 'JOSE JAIME PEREZ TOBAR', 'A', NULL, NULL, NULL),
('PEVL870114AM1', 'LUIS EVARISTO PEREZ VELAZQUEZ', 'C', 1, 626, NULL),
('PIRG6611251W7', 'GABRIEL PRICE RAMIREZ WIELLA', 'C', NULL, NULL, NULL),
('PSM020129J30 / PIRG6611251W7', 'PRICE SALES DE MEXICO SA DE CV', 'A', NULL, NULL, NULL),
('PUVR820709L88', 'ROBERTO CARLOS PUGA VAZQUEZ', 'C', 1, 612, NULL),
('RAAH650728535', 'HERMINIO RAMIREZ AGUILAR', 'B', 1, 621, NULL),
('RAVO8611265P0', 'OSCAR JAVIER RAMIREZ VELA', 'A', NULL, NULL, NULL),
('REGR7112127S7', 'ROSA MARIA REYES GOMEZ', 'B', 23, 621, NULL),
('RETG5706199C3', 'GAUDENCIO RESENDIZ TREJO', 'B', 17, 626, NULL),
('RIEL000803T22', 'LUCIA RIOS ESCOBEDO', 'C', 38, 626, NULL),
('RIEL6505312V9', 'LUCIO RIOS ESTRADA', 'C', 2, 612, NULL),
('RITJ7502239P4', 'JOEL RICO TREJO', 'B', 2, 612, NULL),
('ROCM711213M50', 'JOSE MIGUEL ROMERO CORTES', 'B', 1, 621, NULL),
('RORA980202NR2', 'JOSE ANGEL PERSEO ROMERO RODRIGUEZ', 'B', 24, 621, NULL),
('RORD941107EV2', 'DANIELA BERENYCE RODRIGUEZ RODRIGUEZ', 'B', NULL, NULL, NULL),
('RUDD910205S63', 'DIANA ANGELICA RUIZ DIAZ', 'B', 1, 621, NULL),
('RUPL720118336', 'LUIS IGNACIO RUIZ PEREZ', 'A', NULL, NULL, NULL),
('SAAJ860920FF0', 'JESUS ROBERTO SALINAS ALVARADO', 'B', 1, 612, NULL),
('SAAV841221UW9', 'VIVIANA GUADALUPE SALAS ARREDONDO', 'B', 2, 612, NULL),
('SACF830105CW9', 'FRANCISCO JAVIER SANCHEZ CAMPA', 'B', 13, 612, NULL),
('SACR8907276V6', 'RUBEN FAID SANTOS COSS', 'C', 43, 621, NULL),
('SASA661206DP3', 'ABDIEL JONHATAN SALAS SALAS', 'C', 1, 626, NULL),
('SEHV761225N49', 'VIDAL ABDENAGO SERRANO HURTADO', 'C', 3, 621, NULL),
('SIN130708159 / BERR731102B3A', 'SERVICIOS INDUSTRIALES NSI SA DE CV', 'A', NULL, NULL, NULL),
('SLM080103EF7 / TOHJ621114RI7', 'SERVICIOS LOGISTICOS MAT SC', 'A', NULL, NULL, NULL),
('SMA140901DHA / PEFF760124NQ2', 'SERVICIO DE MANTENIMIENTO AUTOMATIZACION Y SOPORTE SA DE CV', 'A', NULL, NULL, NULL),
('SOLE730731EN3', 'EDUARDO ANGEL SOTO DE LEON', 'C', 1, 626, NULL),
('SOLL740826577', 'LILIANA AIDE SOTO DE LEON', 'B', 2, 612, NULL),
('SPT160322HM3 / TUMG660906B76', 'SERVICIOS PROFESIONALES TUEGA SC', 'A', NULL, NULL, NULL),
('SUDC780517938', 'CESAR AUGUSTO SUAREZ DELFIN', 'A', NULL, NULL, NULL),
('TAN000725BF4 / CEGJ711126GT8', 'TRANS AUTO DE NUEVO LAREDO SA DE CV', 'A', NULL, NULL, NULL),
('TELA910408RS1', 'ANA MELISSA TREVIÑO LUIS', 'B', 1, 626, NULL),
('TEOJ750103NF0', 'JUAN MANUEL TERRAZAS ORTIZ', 'B', 1, 612, NULL),
('TEOR781202QX3', 'RICARDO TERRAZAS ORTIZ', 'B', 14, 626, NULL),
('TIN130201J19 / CEGJ711126GT8', 'TRANSMIPARTES INTERNACIONALES SA DE CV', 'A', NULL, NULL, NULL),
('TNL180426T98 / LONG830512JM6', 'TRANSMIPARTES DE NUEVO LAREDO SA DE CV', 'A', NULL, NULL, NULL),
('TOAR010105SM9', 'REYNA ESMERALDA TORRES ARAUJO', 'A', NULL, NULL, NULL),
('TOGG541013BH5', 'MARIA GUADALUPE TOBIAS GALINDO', 'A', NULL, NULL, NULL),
('TOLA730206JN7', 'ANGELICA MARIA TORRES LOPEZ', 'B', 26, 621, NULL),
('TOLG8312154T5', 'GUILLERMINA TOLENTINO LEMUS', 'B', 25, 621, NULL),
('TORE720303P9A', 'EMETERIO TORRES RODRIGUEZ', 'B', 2, 621, NULL),
('TUMG660906B76', 'GUADALUPE TUEME MENDEZ', 'A', NULL, NULL, NULL),
('UGA180102LC6 / PETJ570812IL3', 'UNITEX GRUPO ADUANAL SC', 'A', NULL, NULL, NULL),
('VAAA670925NR2', 'AMELIA VALDEZ DEL ANGEL', 'A', NULL, NULL, NULL),
('VAG1510212R9 / VICJ710309QZ0', 'VIRLAR AUTOMOTIVE GROUP SA DE CV', 'A', NULL, NULL, NULL),
('VALA920229680', 'ANDREA VALADEZ LOPEZ', 'C', 1, 621, NULL),
('VAMG750703JS0', 'GERARDO VAZQUEZ MENDEZ', 'C', 33, 612, NULL),
('VAMR780824170', 'ROBERTO VIVIANO VAZQUEZ MACIAS', 'C', 2, 621, NULL),
('VAPI560128QAA', 'IRMA ANGELINA VALDIVIA PIZARRO', 'C', 1, 606, NULL),
('VAPS610823P25', 'SERGIO VAZQUEZ PEÑA', 'A', NULL, NULL, NULL),
('VECO8108204A8', 'OSCAR OSVALDO VELAZQUEZ CISNEROS', 'B', 2, 626, NULL),
('VEFL841126RU9', 'JOSE LUIS VELIZ FELIX', 'C', 1, 612, NULL),
('VEGP500629JB6', 'PAULINA VELA GARCIA', 'A', NULL, NULL, NULL),
('VEHL7211217T9', 'LUIS ALFONSO VELAZCO HERNANDEZ', 'B', 7, 612, NULL),
('VIAE010118FS9', 'ELIAS VILLANUEVA ATILANO', 'B', NULL, 621, NULL),
('VIAG830120PF0', 'GUILLERMO VILLA ANDRADE', 'C', 34, 612, NULL),
('VICE630428AG1', 'EMILIA MONZERRAT VILA CRUZ', 'A', NULL, NULL, NULL),
('VIM200811170 / VIGH740428722', 'VIVE IMPORTACIONES S DE RL DE CV', 'A', NULL, NULL, NULL),
('VIMJ690830EJ9', 'JUAN RAMON VILLANUEVA MIGONI', 'B', 1, 612, NULL),
('VIPJ6902137R2', 'JORGE ARMANDO VILLANUEVA POLENDO', 'C', 1, 612, NULL),
('YSO180903RM1 / HEZY8010134U4', 'YHAX SOLUTIONS SA DE CV', 'A', NULL, NULL, NULL);

-- --------------------------------------------------------

--
-- Estructura Stand-in para la vista `clientes_certificados`
-- (Véase abajo para la vista actual)
--
CREATE TABLE `clientes_certificados` (
`rfc` varchar(80)
,`nombre` varchar(80)
,`grupo_clientes` char(1)
,`contrasenia` varchar(10)
,`status_firma` bigint(4)
,`fecha_vencimiento_firma` varchar(30)
,`status_sello` bigint(4)
,`fecha_vencimiento_sello` varchar(30)
,`regimen` varchar(100)
);

-- --------------------------------------------------------

--
-- Estructura de tabla para la tabla `regimen_fiscal`
--

CREATE TABLE `regimen_fiscal` (
  `clave` int(11) NOT NULL,
  `regimen` varchar(100) NOT NULL
) ENGINE=InnoDB DEFAULT CHARSET=utf8mb4 COLLATE=utf8mb4_spanish_ci;

--
-- Volcado de datos para la tabla `regimen_fiscal`
--

INSERT INTO `regimen_fiscal` (`clave`, `regimen`) VALUES
(601, 'General de Ley Personas Morales'),
(603, 'Personas Morales con Fines no Lucrativos'),
(605, 'Sueldos y Salarios e Ingresos Asimilados a Salarios'),
(606, 'Arrendamiento'),
(607, 'Régimen de Enajenación o Adquisición de Bienes'),
(608, 'Demás ingresos'),
(609, 'Consolidación'),
(610, 'Residentes en el Extranjero sin Establecimiento Permanente en México'),
(611, 'Ingresos por Dividendos (socios y accionistas)'),
(612, 'Personas Físicas con Actividades Empresariales y Profesionales'),
(614, 'Ingresos por intereses'),
(615, 'Régimen de los ingresos por obtención de premios'),
(616, 'Sin obligaciones fiscales'),
(620, 'Sociedades Cooperativas de Producción que optan por diferir sus ingresos'),
(621, 'Régimen de Incorporación Fiscal'),
(622, 'Actividades Agrícolas, Ganaderas, Silvícolas y Pesqueras'),
(623, 'Opcional para Grupo de Sociedades'),
(624, 'Coordinados'),
(625, 'Régimen de las Actividades Empresariales con ingresos a tráves de Plataformas Tenológicas'),
(626, 'Régimen Simplificado de Confianza'),
(628, 'Hidrocarburos'),
(629, 'De los Regímenes Fiscales Preferentes y de las Empresas Multinacionales'),
(630, 'Enajenación de acciones en bolsa de valores');

-- --------------------------------------------------------

--
-- Estructura de tabla para la tabla `usuario`
--

CREATE TABLE `usuario` (
  `id` int(11) NOT NULL,
  `nombre_completo` varchar(80) DEFAULT NULL,
  `nombre_usuario` varchar(25) DEFAULT NULL,
  `contrasenia` varchar(15) DEFAULT NULL,
  `grupo_clientes` char(1) DEFAULT NULL,
  `rol` varchar(10) DEFAULT NULL
) ENGINE=InnoDB DEFAULT CHARSET=utf8mb4 COLLATE=utf8mb4_spanish_ci;

--
-- Volcado de datos para la tabla `usuario`
--

INSERT INTO `usuario` (`id`, `nombre_completo`, `nombre_usuario`, `contrasenia`, `grupo_clientes`, `rol`) VALUES
(1, 'Desarrollo de Software', 'Sistemas Garcia Reyes', '21100175', 'S', 'dev'),
(2, 'Administracion Clientes A', 'Clientes A', 'RGCA2023', 'A', 'empleado'),
(3, 'Administracion Clientes B', 'Clientes B', 'RGCB2023', 'B', 'empleado'),
(4, 'Administracion Clientes C', 'Clientes C', 'RGCC2023', 'C', 'empleado'),
(5, 'Administracion Garcia Reyes', 'Administracion RG', 'RG6701', 'S', 'admin');

-- --------------------------------------------------------

--
-- Estructura para la vista `clientes_certificados`
--
DROP TABLE IF EXISTS `clientes_certificados`;

CREATE ALGORITHM=UNDEFINED DEFINER=`root`@`localhost` SQL SECURITY DEFINER VIEW `clientes_certificados`  AS WITH CertificadosNumerados AS (SELECT `cliente`.`rfc` AS `rfc`, `cliente`.`nombre` AS `nombre`, `cliente`.`grupo_clientes` AS `grupo_clientes`, `cliente`.`clave_regimen` AS `clave_regimen`, `certificado`.`id` AS `id`, `certificado`.`estatus` AS `estatus`, `certificado`.`fecha_fin` AS `fecha_fin`, `clave_ciec`.`contrasenia` AS `contrasenia`, `regimen_fiscal`.`clave` AS `clave`, `regimen_fiscal`.`regimen` AS `regimen`, row_number() over ( partition by `cliente`.`rfc` order by `certificado`.`id`) AS `NumeroDeCertificado` FROM (((`cliente` left join `certificado` on(`cliente`.`rfc` = `certificado`.`id_cliente`)) left join `clave_ciec` on(`cliente`.`id_clave_ciec` = `clave_ciec`.`id`)) left join `regimen_fiscal` on(`cliente`.`clave_regimen` = `regimen_fiscal`.`clave`))) SELECT `certificadosnumerados`.`rfc` AS `rfc`, `certificadosnumerados`.`nombre` AS `nombre`, `certificadosnumerados`.`grupo_clientes` AS `grupo_clientes`, `certificadosnumerados`.`contrasenia` AS `contrasenia`, max(case when `certificadosnumerados`.`NumeroDeCertificado` = 1 then `certificadosnumerados`.`estatus` end) AS `status_firma`, max(case when `certificadosnumerados`.`NumeroDeCertificado` = 1 then `certificadosnumerados`.`fecha_fin` end) AS `fecha_vencimiento_firma`, max(case when `certificadosnumerados`.`NumeroDeCertificado` = 2 then `certificadosnumerados`.`estatus` end) AS `status_sello`, max(case when `certificadosnumerados`.`NumeroDeCertificado` = 2 then `certificadosnumerados`.`fecha_fin` end) AS `fecha_vencimiento_sello`, `certificadosnumerados`.`regimen` AS `regimen` FROM `certificadosnumerados` GROUP BY `certificadosnumerados`.`rfc`, `certificadosnumerados`.`nombre``nombre`  ;

--
-- Índices para tablas volcadas
--

--
-- Indices de la tabla `certificado`
--
ALTER TABLE `certificado`
  ADD PRIMARY KEY (`id`),
  ADD KEY `id_cliente` (`id_cliente`);

--
-- Indices de la tabla `clave_ciec`
--
ALTER TABLE `clave_ciec`
  ADD PRIMARY KEY (`id`);

--
-- Indices de la tabla `cliente`
--
ALTER TABLE `cliente`
  ADD PRIMARY KEY (`rfc`),
  ADD KEY `clave_regimen` (`clave_regimen`),
  ADD KEY `id_clave_ciec` (`id_clave_ciec`);

--
-- Indices de la tabla `regimen_fiscal`
--
ALTER TABLE `regimen_fiscal`
  ADD PRIMARY KEY (`clave`);

--
-- Indices de la tabla `usuario`
--
ALTER TABLE `usuario`
  ADD PRIMARY KEY (`id`);

--
-- AUTO_INCREMENT de las tablas volcadas
--

--
-- AUTO_INCREMENT de la tabla `certificado`
--
ALTER TABLE `certificado`
  MODIFY `id` int(11) NOT NULL AUTO_INCREMENT, AUTO_INCREMENT=388;

--
-- AUTO_INCREMENT de la tabla `clave_ciec`
--
ALTER TABLE `clave_ciec`
  MODIFY `id` int(11) NOT NULL AUTO_INCREMENT, AUTO_INCREMENT=45;

--
-- AUTO_INCREMENT de la tabla `usuario`
--
ALTER TABLE `usuario`
  MODIFY `id` int(11) NOT NULL AUTO_INCREMENT, AUTO_INCREMENT=6;

--
-- Restricciones para tablas volcadas
--

--
-- Filtros para la tabla `certificado`
--
ALTER TABLE `certificado`
  ADD CONSTRAINT `certificado_ibfk_1` FOREIGN KEY (`id_cliente`) REFERENCES `cliente` (`rfc`) ON DELETE CASCADE;

--
-- Filtros para la tabla `cliente`
--
ALTER TABLE `cliente`
  ADD CONSTRAINT `cliente_ibfk_1` FOREIGN KEY (`clave_regimen`) REFERENCES `regimen_fiscal` (`clave`) ON DELETE CASCADE,
  ADD CONSTRAINT `cliente_ibfk_2` FOREIGN KEY (`id_clave_ciec`) REFERENCES `clave_ciec` (`id`) ON DELETE CASCADE;
COMMIT;

/*!40101 SET CHARACTER_SET_CLIENT=@OLD_CHARACTER_SET_CLIENT */;
/*!40101 SET CHARACTER_SET_RESULTS=@OLD_CHARACTER_SET_RESULTS */;
/*!40101 SET COLLATION_CONNECTION=@OLD_COLLATION_CONNECTION */;
